#id,enabled / disabled,name for ui,province id,province name,position,position,url for google maps,Port Capacity,comment,comment,,,comment
@name,enabled,nameUi,province,#provinceName,latitude,longitude,#posLink,portСapacity,#baseportcapacity,#balancer,seaControlDistanceMultiplier,inBeingDistanceMultiplier,#changesea
default,1,,,,-1000,-1000,,0,,,0.5,0.2,
al_manama,,Al Manama,bahrain,Bahrain,26.229384,50.585936,Al Manama,1050,3000,1050,,,
rangoon,,Rangoon,burma,Burma,16.85,96.183333,Rangoon,1050,3000,1050,,,
doha,,Doha,qatar,Qatar,25.289788,51.484123,Doha,1400,4000,1400,,,
colombo,,Colombo,ceylon,Ceylon,6.935631,79.86421,Colombo,2100,6000,2100,,,
port_blair,,Port Blair,andaman_islands,Andaman Islands,11.671068,92.742006,Port Blair,3500,10000,3500,,,
trincomalee,,Trincomalee,ceylon,Ceylon,8.583936,81.208904,Trincomalee,1925,5500,1925,,,
djibouti,,Djibouti,djibouti,Djibouti,11.587736,43.144577,Djibouti,2625,7500,2625,,,
massaua,,Massaua,eritrea,Eritrea,15.6092,39.450745,Massaua,2100,6000,2100,,,
bombay,,Bombay,western_india,Western India,19.056368,72.845679,Bombay,66500,190000,66500,,,
madras,,Madras,eastern_india,Eastern India,13.08298,80.273978,Madras,56000,160000,56000,,,
karachi,,Karachi,pakistan,Pakistan,24.857343,66.987767,Karachi,78750,225000,78750,,,
chittagong,,Chittagong,bangladesh,Bangladesh,22.35023383,91.78358777,Chittagong,38500,225000,78750,,,
badar_abas,,Badar Abas,persia,Persia,27.177348,56.270798,Badar Abas,17500,50000,17500,,,
basra,,Basra,iraq,Iraq,30.525117,47.837794,Basra,9100,26000,9100,,,
kuwait_city,,Kuwait City,kuwait,Kuwait,29.33504,48.037299,Kuwait City,14000,40000,14000,,,
mombasa,,Mombasa,british_east_africa,British East Africa,-4.044472,39.668322,Mombasa,3500,10000,3500,,,
lamu,,Lamu,british_east_africa,British East Africa,-2.269326,40.900674,Lamu,3500,10000,3500,,,
port-aux-français,,Port-aux-Français,kerguelen_islands,Kerguelen Islands,-49.35012,70.220447,Port-aux-Français,1750,5000,1750,,,
malé,,Malé,maldives,Maldives,4.177591,73.511892,Malé,2800,8000,2800,,,
victoria,,Victoria,seychelles,Seychelles,-4.622087,55.450563,Victoria,2100,6000,2100,,,
moroni,,Moroni,comoros,Comoros,-11.704732,43.251666,Moroni,2100,6000,2100,,,
port_louis,,Port Louis,mauritius,Mauritius,-20.149762,57.50615,Port Louis,3850,11000,3850,,,
port_mathurin,,Port Mathurin,mauritius,Mauritius,-19.684312,63.427996,Port Mathurin,3850,11000,3850,,,
saint-denis,,Saint-Denis,reunion,Réunion,-20.876149,55.451868,Saint-Denis,3150,9000,3150,,,
diego_suarez,,Diego Suarez,madagascar,Madagascar,-12.27424,49.292885,Diego Suarez,3500,10000,3500,,,
maputo,,Maputo,mozambique,Mozambique,-25.945899,32.541076,Maputo,1400,4000,1400,,,
mocambique,,Mocambique,mozambique,Mozambique,-15.037158,40.732763,Mocambique,1400,4000,1400,,,
muscat,,Muscat,oman,Oman,23.602254,58.412515,Muscat,1400,4000,1400,,,
genda,,Genda,hejaz,Hejaz,21.461203,39.176963,Genda,14000,40000,14000,,,
damam,,Damam,arabia,Arabia,26.454491,50.102622,Damam,8400,24000,8400,,,
berbera,,Berbera,british_somaliland,British Somaliland,10.440414,45.012746,Berbera,8400,24000,8400,,,
mogadishu,,Mogadishu,italian_somaliland,Italian Somaliland,2.030545,45.336725,Mogadishu,1225,3500,1225,,,
durban,,Durban,south_africa,South Africa,-29.861301,31.024032,Durban,5250,15000,5250,,,
port_elizabeth,,Port Elizabeth,south_africa,South Africa,-33.961844,25.617981,Port Elizabeth,8750,25000,8750,,,
cape_town,,Cape Town,south_africa,South Africa,-33.919212,18.427769,Cape Town,12250,35000,12250,,,
port_sudan,,Port Sudan,sudan,Sudan,19.585268,37.236063,Port Sudan,3500,10000,3500,,,
dar_es_salaam,,Dar es Salaam,tanganyika,Tanganyika,-6.819757,39.284853,Dar es Salaam,875,2500,875,,,
tanga,,Tanga,tanganyika,Tanganyika,-5.066682,39.106353,Tanga,875,2500,875,,,
dubai,,Dubai,trucial_states,Trucial States,25.242919,55.279051,Dubai,700,2000,700,,,
abu_dhabi,,Abu Dhabi,trucial_states,Trucial States,24.472078,54.381637,Abu Dhabi,700,2000,700,,,
aden,,Aden,yemen,Yemen,12.792818,45.021188,Aden,700,2000,700,,,
zanzibar,,Zanzibar,zanzibar,Zanzibar,-6.159019,39.192715,Zanzibar,700,2000,700,,,
avlona,,Avlona,albania,Albania,40.454057,19.484217,Avlona,1575,4500,1575,,,
durazzo,,Durazzo,albania,Albania,41.320158,19.453851,Durazzo,1575,4500,1575,,,
mers_el_kebir,,Mers el Kebir,northern_algeria,Northern Algeria,35.724141,-0.707485,Mers el Kebir,4150,9000,3150,,,
algiers,,Algiers,northern_algeria,Northern Algeria,36.744287,3.092485,Algiers,3150,9000,3150,,,
pula,,Pula,croatia,Croatia,44.863933,13.838915,Pula,76250,75000,26250,,,
spalato,,Spalato,croatia,Croatia,43.505807,16.443715,Spalato,66250,75000,26250,,,
cattaro,,Cattaro,croatia,Croatia,42.43,18.77,Cattaro,39250,55000,19250,,,
burgas,,Burgas,eastern_rumelia,Eastern Rumelia,42.506051,27.466765,Burgas,6125,17500,6125,,,
varna,,Varna,bulgaria,Bulgaria,43.199965,27.91223,Varna,6475,18500,6475,,,
novorossiysk,,Novorossiysk,southern_russia,Southern Russia,44.734039,37.774716,Novorossiysk,43250,95000,33250,,,
poti,,Poti,georgia,Georgia,42.19744826,41.66362852,Poti,24250,95000,33250,,,
sevastopol,,Sevastopol,crimaia,Crimaia,44.609393,33.523669,Sevastopol,43250,95000,33250,,,
odessa,,Odessa,ukraine,Ukraine,46.480516,30.736527,Odessa,56750,105000,36750,,,
saint_florent,,Saint Florent,corsica,Corsica,42.681817,9.302439,Saint Florent,2800,8000,2800,,,
bonifacio,,Bonifacio,corsica,Corsica,41.387366,9.16003,Bonifacio,2800,8000,2800,,,
limassol,,Limassol,cyprus,Cyprus,34.672104,33.040041,Limassol,8750,25000,8750,,,
alexandria,,Alexandria,north_egypt,North Egypt,31.198574,29.900017,Alexandria,33250,95000,33250,,,
port_said,,Port Said,north_egypt,North Egypt,31.264526,32.301262,Port Said,46250,75000,26250,,,
hurghada,,Hurghada,south_egypt,South Egypt,27.23040694,33.8427669,Hurghada,21050,75000,26250,,,
gibraltar,,Gibraltar,gibraltar,Gibraltar,36.139757,-5.353599,Gibraltar,17500,50000,17500,,,
thessaloniki,,Thessaloniki,northern_greece,Northern Greece,40.640077,22.929719,Thessaloniki,12250,35000,12250,,,
piraeus,,Piraeus,southern_greece,Southern Greece,37.946245,23.641647,Piraeus,26250,75000,26250,,,
heraklion,,Heraklion,crete,Crete,35.341307,25.143616,Heraklion,15250,15000,5250,,,
suda,,Suda,crete,Crete,35.48616753,24.06517846,Suda,17250,15000,5250,,,
haifa,,Haifa,palestine,Palestine,32.819186,34.998354,Haifa,14000,40000,14000,,,
la_spezia,,La Spezia,northwest_italy,Northwest Italy,44.105916,9.823016,La Spezia,126250,75000,26250,,,
livorno,,Livorno,northwest_italy,Northwest Italy,43.54182108,10.30059553,Livorno,100500,75000,26250,,,
ancona,,Ancona,northeast_italy,Northeast Italy,43.60779543,13.50804891,Ancona,35000,95000,33250,,,
gaeta,,Gaeta,central_italy,Central Italy,41.2158442,13.57068084,Gaeta,95750,125000,43750,,,
naples,,Naples,central_italy,Central Italy,40.844424,14.258347,Naples,35750,125000,43750,,,
bari,,Bari,southern_italy,Southern Italy,41.12617084,16.86868048,Bari,45000,95000,33250,,,
taranto,,Taranto,southern_italy,Southern Italy,40.46381809,17.24818357,Taranto,45000,95000,33250,,,
beirut,,Beirut,lebanon,Lebanon,33.904614,35.50779,Beirut,19250,55000,19250,,,
tripoli,,Tripoli,tripolitania,Tripolitania,32.902192,13.221883,Tripoli,8750,25000,8750,,,
benghazi,,Benghazi,cyrenaica,Cyrenaica,32.113874,20.060218,Benghazi,6125,17500,6125,,,
tobruk,,Tobruk,cyrenaica,Cyrenaica,32.078059,23.981558,Tobruk,7350,21000,7350,,,
valletta,,Valletta,malta,Malta,35.900006,14.517915,Valletta,12250,35000,12250,,,
bar,,Bar,montenegro,Montenegro,42.098088,19.093542,Bar,7000,20000,7000,,,
rhodes,,Rhodes,dodecanese,Dodecanese,36.441835,28.230974,Rhodes,8750,25000,8750,,,
constanta,,Constanta,romania,Romania,44.158609,28.638491,Constanta,12250,35000,12250,,,
cagliari,,Cagliari,sardinia,Sardinia,39.210326,9.116049,Cagliari,13125,37500,13125,,,
olbia,,Olbia,sardinia,Sardinia,40.925304,9.505083,Olbia,13125,37500,13125,,,
mallorca,,Mallorca,balearic_islands,Balearic Islands,39.56540571,2.642718191,Mallorca,5000,37500,13125,,,
catania,,Catania,eastern_sicily,Eastern Sicily,37.49597887,15.08854088,Catania,35000,100000,35000,,,
messina,,Messina,eastern_sicily,Eastern Sicily,38.189902,15.566584,Messina,43750,125000,43750,,,
palermo,,Palermo,western_sicily,Western Sicily,38.12663984,13.36258548,Palermo,31500,90000,31500,,,
cádiz,,Cádiz,western_spain,Western Spain,36.530404,-6.289141,Cádiz,70000,200000,70000,,,
huelva,,Huelva,western_spain,Western Spain,37.150434,-6.873908,Huelva,43750,125000,43750,,,
malaga,,Malaga,southern_spain,Southern Spain,36.718373,-4.420112,Malaga,38500,110000,38500,,,
valencia,,Valencia,southern_spain,Southern Spain,39.462223,-0.335296,Valencia,52500,150000,52500,,,
barcelona,,Barcelona,southern_spain,Southern Spain,41.375072,2.170717,Barcelona,70000,200000,70000,,,
toulon,,Toulon,southern_france,Southern France,43.120601,5.933099,Toulon,61250,175000,61250,,,
marseille,,Marseille,southern_france,Southern France,43.301438,5.367996,Marseille,80500,230000,80500,,,
nice,,Nice,southern_france,Southern France,43.69393,7.288689,Nice,64750,185000,64750,,,
latakia,,Latakia,syria,Syria,35.545743,35.765888,Latakia,17500,50000,17500,,,
bizerte,,Bizerte,tunisia,Tunisia,37.273823,9.876636,Bizerte,11550,33000,11550,,,
tunis,,Tunis,tunisia,Tunisia,36.803469,10.182281,Tunis,16625,47500,16625,,,
gallipoli,,Gallipoli,dardanelles,Dardanelles,40.41119107,26.66576932,Gallipoli,24500,330000,115500,,,
constantinople,,Constantinople,bosporus,Bosporus,41.009124,28.967448,Constantinople,115500,330000,115500,,,
heraclea,,Heraclea,northern_turkey,Northern Turkey,41.284661,31.414841,Heraclea,43750,125000,43750,,,
samsunta,,Samsunta,northern_turkey,Northern Turkey,41.41671108,36.32188271,Samsunta,29500,330000,115500,,,
atalia,,Atalia,southern_turkey,Southern Turkey,36.885167,30.703808,Atalia,26250,75000,26250,,,
smyrna,,Smyrna,western_turkey,Western Turkey,38.434137,27.162357,Smyrna,19250,55000,19250,,,
hamilton,,Hamilton,bermuda,Bermuda,32.291352,-64.77306,Hamilton,2625,7500,2625,,,
boston,,Boston,eastern_usa,Eastern USA,42.360176,-71.056064,Boston,87500,250000,87500,,,
philadelphia,,Philadelphia,eastern_usa,Eastern USA,39.891667,-75.170904,Philadelphia,87500,250000,87500,,,
new_york,,New York,eastern_usa,Eastern USA,40.75832,-74.001342,New York,122500,350000,122500,,,
portland,,Portland,maine,Maine,43.658147,-70.250423,Portland,49000,140000,49000,,,
saint_john,,Saint John,new_brunswick,New Brunswick,45.263061,-66.071012,Saint John,17500,50000,17500,,,
st._john's,,St. John's,new_foundland,New Foundland,47.558203,-52.712628,St. John's,12250,35000,12250,,,
halifax,,Halifax,nova_scotia,Nova Scotia,44.634272,-63.572431,Halifax,13125,37500,13125,,,
norfolk,,Norfolk,southeastern_seaboard,Southeastern Seaboard,36.942232,-76.293814,Norfolk,70000,200000,70000,,,
charleston,,Charleston,southeastern_seaboard,Southeastern Seaboard,32.751342,-79.917793,Charleston,64750,185000,64750,,,
wilmington,,Wilmington,southeastern_seaboard,Southeastern Seaboard,34.244674,-77.948844,Wilmington,64750,185000,64750,,,
nome,,Nome,northern_alaska,Northern Alaska,64.50066592,-165.4365353,Nome,2250,15000,5250,,,
anchorage,,Anchorage,southern_alaska,Southern Alaska,61.222621,-149.894775,Anchorage,5250,15000,5250,,,
vancouver,,Vancouver,british_columbia,British Columbia,49.315246,-123.108501,Vancouver,26250,75000,26250,,,
esquimalt,,Esquimalt,british_columbia,British Columbia,48.431111,-123.432478,Esquimalt,22750,65000,22750,,,
dutch_harbor,,Dutch Harbor,eastern_aleutians,Eastern Aleutians,53.890533,-166.537455,Dutch Harbor,7000,20000,7000,,,
pearl_harbor,,Pearl Harbor,hawaii,Hawaii,21.351882,-157.953945,Pearl Harbor,7000,20000,7000,,,
mazatlan,,Mazatlan,western_mexico,Northwest Mexico,23.25053073,-106.4099596,Mazatlan,15750,45000,15750,,,
acapulco,,Acapulco,southwest_mexico,Southwest Mexico,16.836447,-99.905771,Acapulco,15750,45000,15750,,,
quebec,,Quebec,central_canada,Central Canada,46.819072,-71.211975,Quebec,29750,85000,29750,,,
iqaluit,,Iqaluit,northern_canada,Northern Canada,63.746275,-68.518865,Iqaluit,7000,20000,7000,,,
seattle,,Seattle,western_usa,Western USA,47.604245,-122.33642,Seattle,61250,175000,61250,,,
san_francisco,,San Francisco,western_usa,Western USA,37.793406,-122.394938,San Francisco,73500,210000,73500,,,
san_diego,,San Diego,western_usa,Western USA,32.685555,-117.129008,San Diego,47250,135000,47250,,,
tallinn,,Tallinn,esthonia,Esthonia,59.44717788,24.73089247,Tallinn,25000,100000,35000,,,
riga,,Riga,latvia,Latvia,56.959294,24.099748,Riga,35000,100000,35000,,,
klaipeda,,Klaipeda,lithuania,Lithuania,55.70219676,21.16314276,Klaipeda,26250,75000,26250,,,
antwerp,,Antwerp,belgium,Belgium,51.236905,4.402214,Antwerp,61250,175000,61250,,,
esbjerg,,Esbjerg,western_denmark,Western Denmark,55.4604749,8.461973443,Esbjerg,23250,125000,43750,,,
copenhagen,,Copenhagen,eastern_denmark,Eastern Denmark,55.701117,12.592874,Copenhagen,43750,125000,43750,,,
tórshavn,,Tórshavn,faroe_islands,Faroe Islands,62.00889239,-6.773303496,Tórshavn,2000,125000,43750,,,
lerwick,,Lerwick,shetland,Shetland,60.15546275,-1.143495533,Lerwick,1700,125000,43750,,,
danzig,,Danzig,poland,Western Poland,54.394002,18.693849,Danzig,129500,370000,129500,,,
pillau,,Pillau,prussia,Prussia,54.64393,19.915802,Pillau,136500,390000,136500,,,
murmansk,,Murmansk,northern_russia,Northern Russia,68.97436648,33.07170026,Murmansk,21750,45000,15750,,,
arkhangelsk,,Arkhangelsk,northern_russia,Northern Russia,64.53202222,40.57010718,Arkhangelsk,16250,45000,15750,,,
oulu,,Oulu,northern_finland,Northern Finland,65.01270027,25.46488111,Oulu,15750,45000,15750,,,
hangö,,Hangö,southern_finland,Southern Finland,59.821363,22.963214,Hangö,15750,45000,15750,,,
helsingfors,,Helsingfors,southern_finland,Southern Finland,60.167494,24.954745,Helsingfors,17500,50000,17500,,,
wilhelmshaven,,Wilhelmshaven,western_germany,Western Germany,53.536505,8.158495,Wilhelmshaven,68250,195000,68250,,,
emden,,Emden,western_germany,Western Germany,53.344018,7.186301,Emden,96250,275000,96250,,,
bremen,,Bremen,western_germany,Western Germany,53.11285548,8.752757946,Bremen,43750,125000,43750,,,
hamburg,,Hamburg,western_germany,Western Germany,53.52148355,9.917701279,Hamburg,61250,175000,61250,,,
kiel,,Kiel,eastern_germany,Eastern Germany,54.316857,10.140821,Kiel,105000,300000,105000,,,
amsterdam,,Amsterdam,netherlands,Netherlands,52.370852,4.971796,Amsterdam,91000,260000,91000,,,
la_corunia,,La Corunia,northern_spain,Northern Spain,43.35504,-8.388826,La Corunia,70000,200000,70000,,,
bilbao,,Bilbao,northern_spain,Northern Spain,43.328073,-3.012737,Bilbao,70000,200000,70000,,,
narvik,,Narvik,northern_norway,Northern Norway,68.42999852,17.42416504,Narvik,8500,85000,29750,,,
tromso,,Tromso,northern_norway,Northern Norway,69.64884308,18.95427099,Tromso,8500,85000,29750,,,
oslo,,Oslo,southern_norway,Southern Norway,59.911046,10.729469,Oslo,29750,85000,29750,,,
bergen,,Bergen,southern_norway,Southern Norway,60.396907,5.313749,Bergen,29750,85000,29750,,,
porto,,Porto,portugal,Portugal,41.183453,-8.696702,Porto,70000,200000,70000,,,
lisbon,,Lisbon,portugal,Portugal,38.699898,-9.166546,Lisbon,66500,190000,66500,,,
ponta_delgada,,Ponta Delgada,azores,Azores,37.752079,-25.672592,Ponta Delgada,15750,45000,15750,,,
helgoland,,Helgoland,heligoland,Heligoland,54.181191,7.888403,Helgoland,1750,5000,1750,,,
göteborg,,Göteborg,western_sweden,Western Sweden,57.712085,11.968041,Göteborg,26250,75000,26250,,,
malmö,,Malmö,eastern_sweden,Eastern Sweden,55.627872,12.994134,Malmö,26250,75000,26250,,,
stockholm,,Stockholm,eastern_sweden,Eastern Sweden,59.32233107,18.0692975,Stockholm,36750,75000,26250,,,
lulea,,Luleå,eastern_sweden,Eastern Sweden,65.5845873,22.15685866,Luleå,8750,5000,1750,,,
reykjavík,,Reykjavík,iceland,Iceland,64.124546,-21.818986,Reykjavík,8750,25000,8750,,,
nuuk,,Nuuk,west_greenland,West Greenland,64.181521,-51.704161,Nuuk,1450,7000,2450,,,
tasiilaq,,Tasiilaq,east_greenland,East Greenland,65.613979,-37.63195,Tasiilaq,2450,7000,2450,,,
rosyth,,Rosyth,scotland,Scotland,56.024446,-3.445543,Rosyth,105000,300000,105000,,,
scapa_flow,,Scapa Flow,scotland,Scotland,58.833954,-3.192581,Scapa Flow,145250,435000,152250,,,
sunderland,,Sunderland,north_east_england,North East England,54.91023887,-1.364699868,Sunderland,59500,170000,59500,,,
hull,,Hull,north_east_england,North East England,53.76756791,-0.3282106798,Hull,10500,30000,10500,,,
liverpool,,Liverpool,north_west_england,North West England,53.40470872,-2.994890211,Liverpool,12250,35000,12250,,,
yarmouth,,Yarmouth,eastern_england,Eastern England,52.57628162,1.736883939,Yarmouth,10500,30000,10500,,,
plymouth,,Plymouth,southern_england,Southern England,50.36441716,-4.150785664,Plymouth,133000,380000,133000,,,English Channel
portsmouth,,Portsmouth,southern_england,Southern England,50.813301,-1.088812,Portsmouth,108500,310000,108500,,,English Channel
newhaven,,Newhaven,southern_england,Southern England,50.79067286,0.05476239961,Newhaven,14000,40000,14000,,,English Channel
dover,,Dover,southern_england,Southern England,51.124305,1.31088,Dover,26250,75000,26250,,,English Channel
barry,,Barry,wales,Wales,51.39071747,-3.278467712,Barry,10500,30000,10500,,,Irish Sea
dublin,,Dublin,ireland,Ireland,53.35046,-6.209362,Dublin,26250,75000,26250,,,Irish Sea
belfast,,Belfast,northern_ireland,Northern Ireland,54.63348,-5.885528,Belfast,26250,75000,26250,,,Irish Sea
cork,,Cork,ireland,Ireland,51.830245,-8.322062,Cork,22750,65000,22750,,,Irish Sea
le_havre,,Le Havre,northern_france,Northern France,49.487694,0.105212,Le Havre,91000,260000,91000,,,
brest,,Brest,western_france,Western France,48.386913,-4.451934,Brest,101500,290000,101500,,,
la_rochelle,,La Rochelle,western_france,Western France,46.155381,-1.152881,La Rochelle,89250,255000,89250,,,
kronshtadt,,Kronshtadt,central_russia,Central Russia,59.934897,30.237229,Kronshtadt,66500,190000,66500,,,
sasebo,,Sasebo,kyushu,Kyushu,33.164881,129.723573,Sasebo,97500,250000,87500,,,
yokosuka,,Yokosuka,south_honshu,South Honshu,35.286971,139.648889,Yokosuka,60000,200000,70000,,,
tokio,,Tokio,south_honshu,South Honshu,35.71675228,139.756004,Tokio,34000,200000,70000,,,
maizuru,,Maizuru,north_honshu,North Honshu,35.479707,135.390809,Maizuru,61250,175000,61250,,,
naha,,Naha,okinawa_islands,Okinawa Islands,26.217162,127.675477,Naha,17500,50000,17500,,,
matsuyama,,Matsuyama,shikoku,Shikoku,33.84457241,132.7317494,Matsuyama,17500,50000,17500,,,
wakkanai,,Wakkanai,north_hokkaido,North Hokkaido,45.39533562,141.6933138,Wakkanai,50750,145000,50750,,,
muroran,,Muroran,south_hokkaido,South Hokkaido,42.342973,141.002663,Muroran,50750,145000,50750,,,
petropavlovsk,,Petropavlovsk,kamchatka,Kamchatka,53.046024,158.616024,Petropavlovsk,29750,85000,29750,,,
magadan,,Magadan,southern_siberia,Southern Siberia,59.55695472,150.8119193,Magadan,7750,85000,29750,,,
provideniya,,Provideniya,eastern_siberia,Eastern Siberia,64.42304145,-173.2531426,Provideniya,5750,85000,29750,,,
tsingtau,,Tsingtau,kiautschou_bay,Kiautschou Bay,36.052485,120.226423,Tsingtau,29750,85000,29750,,,
port_arthur,,Port Arthur,liaodong_peninsula,Liaodong Peninsula,38.808507,121.238319,Port Arthur,43750,125000,43750,,,
dalian,,Dalian,liaodong_peninsula,Liaodong Peninsula,38.925808,121.654755,Dalian,33250,95000,33250,,,
shanghai,,Shanghai,eastern_china,Eastern China,31.216388,121.487188,Shanghai,70000,200000,70000,,,
hangzhou,,Hangzhou,eastern_china,Eastern China,30.277356,120.651108,Hangzhou,70000,200000,70000,,,
haichow,,Haichow,northeast_china,Northeast China,34.736818,119.345807,Haichow,70000,200000,70000,,,
tianjin,,Tianjin,northeast_china,Northeast China,39.0027818,117.6993108,Tianjin,50000,200000,70000,,,
chinchew,,Chinchew,southern_china,Southern China,24.88156432,118.6476238,Chinchew,34000,200000,70000,,,
xiamen,,Xiamen,southern_china,Southern China,24.48223498,118.0826985,Xiamen,30000,200000,70000,,,
gensan,,Gensan,northeast_korea,Northeast Korea,39.153755,127.448147,Gensan,43750,125000,43750,,,
nampo,,Nampo,northwest_korea,Northwest Korea,38.721855,125.364985,Nampo,43750,125000,43750,,,
vladivostok,,Vladivostok,russian_far_east,Russian Far East,43.114311,131.884443,Vladivostok,68250,195000,68250,,,
moskalvo,,Moskalvo,north_sakhalin,North Sakhalin,53.56832522,142.5149668,Moskalvo,18000,80000,28000,,,
korsakov,,Korsakov,south_sakhalin,South Sakhalin,46.625248,142.771166,Korsakov,28000,80000,28000,,,
pusan,,Pusan,southeast_korea,Southeast Korea,35.106542,129.034488,Pusan,47250,135000,47250,,,
chemulpo,,Chemulpo,southwest_korea,Southwest Korea,37.346667,126.522833,Chemulpo,47250,135000,47250,,,
magong,,Magong,penghu,Penghu,23.567359,119.571121,Magong,19250,55000,19250,,,
weihaiwei,,Weihaiwei,weihaiwei,Weihaiwei,37.543236,122.089873,Weihaiwei,15750,45000,15750,,,
buenos_aires,,Buenos Aires,argentina,Argentina,-34.583213,-58.375354,Buenos Aires,54250,155000,54250,,,
belem,,Belem,north_brazil,North Brazil,-1.412763748,-48.4815918,Belem,38250,195000,68250,,,
natal,,Natal,north_brazil,North Brazil,-5.783257644,-35.19449228,Natal,32250,195000,68250,,,
rio_de_janeiro,,Rio de Janeiro,south_brazil,South Brazil,-22.902649,-43.176017,Rio de Janeiro,38250,195000,68250,,,
rio_grande,,Rio Grande,south_brazil,South Brazil,-32.029603,-52.079441,Rio Grande,24750,185000,64750,,,
santos,,Santos,south_brazil,South Brazil,-23.98566,-46.295222,Santos,21250,175000,61250,,,
stanley,,Stanley,falkland_islands,Falkland Islands,-51.694871,-57.832088,Stanley,8750,25000,8750,,,
cayenne,,Cayenne,french_guiana,French Guiana,4.936979,-52.335531,Cayenne,14000,40000,14000,,,
king_edward_point,,King Edward Point,sgssi,SGSSI,-54.283266,-36.494109,King Edward Point,5250,15000,5250,,,
paramaribo,,Paramaribo,suriname,Suriname,5.791572,-55.16203,Paramaribo,700,2000,700,,,
montevideo,,Montevideo,uruguay,Uruguay,-34.894215,-56.246091,Montevideo,3500,10000,3500,,,
valparaíso,,Valparaíso,chile,Chile,-33.031571,-71.629442,Valparaíso,3500,10000,3500,,,
coronel,,Coronel,chile,Chile,-37.032999,-73.144845,Coronel,3500,10000,3500,,,
manta,,Manta,ecuador,Ecuador,-0.94191,-80.726396,Manta,2100,6000,2100,,,
puerto_baquerizo_moreno,,Puerto Baquerizo Moreno,galápagos_islands,Galápagos Islands,-0.902397,-89.610211,Puerto Baquerizo Moreno,700,2000,700,,,
lima,,Lima,peru,Peru,-12.048277,-77.133657,Lima,1925,5500,1925,,,
buenaventura,,Buenaventura,southern_colombia,Southern Colombia,3.892221,-77.075953,Buenaventura,10500,30000,10500,,,
rarotonga,,Rarotonga,cook_islands,Cook Islands,-21.203942,-159.78657,Rarotonga,5250,15000,5250,,,
pago_pago,,Pago Pago,eastern__samoa,Eastern  Samoa,-14.270969,-170.687848,Pago Pago,3500,10000,3500,,,
hakahau,,Hakahau,marquesas_islands,Marquesas Islands,-9.361992,-140.049806,Hakahau,2100,6000,2100,,,
pape'ete,,Pape'ete,french_polynesia,French Polynesia,-17.53556,-149.56808,Pape'ete,2100,6000,2100,,,
hanga_roa,,Hanga Roa,easter_island,Easter Island,-27.154286,-109.438701,Hanga Roa,1050,3000,1050,,,
adamstown,,Adamstown,pitcairn_islands,Pitcairn Islands,-25.069018,-130.096113,Adamstown,1750,5000,1750,,,
cam_ranh_bay,,Cam Ranh Bay,annam,Annam,11.904306,109.144662,Cam Ranh Bay,18375,52500,18375,,,
darwin,,Darwin,northern_australia,Northern Australia,-12.468082,130.84611,Darwin,7000,20000,7000,,,
perth,,Perth,western_australia,Western Australia,-31.958601,115.858383,Perth,7000,20000,7000,,,
brisbane,,Brisbane,eastern_australia,Eastern Australia,-27.414772,153.138155,Brisbane,7000,20000,7000,,,
melbourne,,Melbourne,eastern_australia,Eastern Australia,-37.835946,144.954972,Melbourne,7000,20000,7000,,,
hobart,,Hobart,tasmania,Tasmania,-42.882233,147.328518,Hobart,10500,30000,10500,,,
lorengau,,Lorengau,bismarck_archipelago,Bismarck Archipelago,-2.030556,147.272222,Lorengau,875,2500,875,,,
kavieng,,Kavieng,bismarck_archipelago,Bismarck Archipelago,-2.585436,150.790464,Kavieng,875,2500,875,,,
kudat,,Kudat,north_borneo,North Borneo,6.885037,116.850563,Kudat,875,2500,875,,,
sandakan,,Sandakan,north_borneo,North Borneo,5.849225,118.111469,Sandakan,875,2500,875,,,
balikpapan,,Balikpapan,borneo,Borneo,-1.272758,116.807449,Balikpapan,875,2500,875,,,
pontianak,,Pontianak,borneo,Borneo,-0.023418,109.339205,Pontianak,875,2500,875,,,
kuching,,Kuching,sarawak,Sarawak,1.68314,110.315486,Kuching,700,2000,700,,,
bintulu,,Bintulu,sarawak,Sarawak,3.212741,113.068064,Bintulu,700,2000,700,,,
badar_seri_begavan,,Badar Seri Begavan,brunei,Brunei,4.88689,114.942031,Badar Seri Begavan,875,2500,875,,,
truk,,Truk,caroline_islands,Caroline Islands,7.457867,151.841548,Truk,1750,5000,1750,,,
pelielu,,Pelielu,caroline_islands,Caroline Islands,6.987662,134.22506,Pelielu,1750,5000,1750,,,
ponape,,Ponape,caroline_islands,Caroline Islands,6.964629,158.215011,Ponape,1750,5000,1750,,,
saigon,,Saigon,cochinchina,Cochinchina,10.690675,106.749049,Saigon,13300,38000,13300,,,
hollandia,,Hollandia,dutch_new_guinea,Dutch New Guinea,-2.534327,140.718617,Hollandia,15750,45000,15750,,,
suva,,Suva,fiji,Fiji,-18.123942,178.430807,Suva,8750,25000,8750,,,
keelung,,Keelung,formosa,Formosa,25.147957,121.747934,Keelung,12250,35000,12250,,,
tainan,,Tainan,formosa,Formosa,22.99328,120.159544,Tainan,12250,35000,12250,,,
herbertshöhe,,Herbertshöhe,german_new_guinea,German New Guinea,-4.343786,152.280096,Herbertshöhe,3500,10000,3500,,,
friedrich-wilhelmshafen,,Friedrich-Wilhelmshafen,german_new_guinea,German New Guinea,-5.221731,145.789654,Friedrich-Wilhelmshafen,3500,10000,3500,,,
agana,,Agana,guam,Guam,13.475972,144.750454,Agana,2800,8000,2800,,,
hong_kong,,Hong Kong,hong_kong,Hong Kong,22.298002,114.171517,Hong Kong,19250,55000,19250,,,
makasar,,Makasar,sulawesi,Sulawesi,-5.11437,119.411584,Makasar,6125,17500,6125,,,
kendari,,Kendari,sulawesi,Sulawesi,-3.973294,122.583603,Kendari,6125,17500,6125,,,
ternate,,Ternate,moluccas,Moluccas,0.780763,127.385003,Ternate,5250,15000,5250,,,
labuha,,Labuha,moluccas,Moluccas,-0.627611,127.48023,Labuha,5250,15000,5250,,,
soerabaja,,Soerabaja,java,Java,-7.205509,112.739598,Soerabaja,8750,25000,8750,,,
batavia,,Batavia,java,Java,-6.109014,106.883286,Batavia,8750,25000,8750,,,
tjilatjap,,Tjilatjap,java,Java,-7.725564,109.019097,Tjilatjap,8750,25000,8750,,,
díli,,Díli,timor,Timor,-8.550400437,125.5601722,Díli,6750,25000,8750,,,
fort_bayard,,Fort Bayard,kwang-chou-wan,Kwang-Chou-Wan,21.171464,110.402875,Fort Bayard,21000,60000,21000,,,
penang,,Penang,malaya,Malaya,5.418946,100.341533,Penang,3500,10000,3500,,,
malacca,,Malacca,malaya,Malaya,2.188149,102.2456,Malacca,3500,10000,3500,,,
nouméa,,Nouméa,new_caledonia,New Caledonia,-22.290859,166.439234,Nouméa,4375,12500,4375,,,
wellington,,Wellington,new_zealand,New Zealand,-41.279238,174.779478,Wellington,2625,7500,2625,,,
auckland,,Auckland,new_zealand,New Zealand,-36.844028,174.767022,Auckland,2625,7500,2625,,,
christchurch,,Christchurch,new_zealand,New Zealand,-43.603913,172.721267,Christchurch,2625,7500,2625,,,
saipan,,Saipan,northern_marianas,Northern Marianas,15.225153,145.734625,Saipan,1750,5000,1750,,,
kwajalein,,Kwajalein,marshall_islands,Marshall Islands,8.734313,167.737511,Kwajalein,1750,5000,1750,,,
majuro,,Majuro,marshall_islands,Marshall Islands,7.091083,171.382545,Majuro,1750,5000,1750,,,
tarawa,,Tarawa,western_gilbert_&_ellice_islands,Western Gilbert & Ellice Islands,1.357576,172.931595,Tarawa,700,2000,700,,,
napari,,Napari,eastern_gilbert_&_ellice_islands,Eastern Gilbert & Ellice Islands,3.909378,-159.388447,Napari,700,2000,700,,,
manila,,Manila,west_phillipinnes,West Phillipinnes,14.608735,120.96333,Manila,26250,75000,26250,,,
davao,,Davao,east_phillipinnes,East Phillipinnes,7.049463,125.570934,Davao,19250,55000,19250,,,
singapore,,Singapore,singapore,Singapore,1.277556,103.864142,Singapore,43750,125000,43750,,,
honiara,,Honiara,solomon_islands,Solomon Islands,-9.428337,159.957993,Honiara,12250,35000,12250,,,
belawan,,Belawan,sumatra,Sumatra,3.780749,98.698414,Belawan,2625,7500,2625,,,
patang,,Patang,sumatra,Sumatra,-0.997007,100.371894,Patang,2625,7500,2625,,,
port_moresby,,Port Moresby,territory_of_papua,Territory of Papua,-9.473163,147.151436,Port Moresby,700,2000,700,,,
bangkok,,Bangkok,thailand,Thailand,13.705526,100.575961,Bangkok,43750,125000,43750,,,
kompong_som,,Kompong Som,cambodia,Cambodia,10.63183,103.50945,Kompong Som,10500,30000,10500,,,
nuku'alofa,,Nuku'alofa,tonga,Tonga,-21.137938,-175.179541,Nuku'alofa,2100,6000,2100,,,
haiphong,,Haiphong,tonkin,Tonkin,20.836104,106.769347,Haiphong,2100,6000,2100,,,
port_villa,,Port Villa,vanuatu,Vanuatu,-17.755953,168.305504,Port Villa,2100,6000,2100,,,
apia,,Apia,western_samoa,Western Samoa,-13.826341,-171.759472,Apia,2450,7000,2450,,,
willemstad,,Willemstad,dutch_antilles,Dutch Antilles,12.110179,-68.89306,Willemstad,10500,30000,10500,,,
fort_de_france,,Fort de France,french_antilles,French Antilles,14.603049,-61.061741,Fort de France,15750,45000,15750,,,
point_a_pitre,,Point a Pitre,french_antilles,French Antilles,16.234885,-61.551968,Point a Pitre,15750,45000,15750,,,
belize,,Belize,belize,Belize,17.482364,-88.205379,Belize,6125,17500,6125,,,
champerico,,Champerico,british_honduras,Guatemala,14.29083808,-91.91475678,Champerico,4125,17500,6125,,,
acajutla,,Acajutla,el_salvador,El Salvador,13.57460028,-89.83342691,Acajutla,2550,17500,6125,,,
george_town,,George Town,cayman_islands,Cayman Islands,19.296104,-81.38138,George Town,5250,15000,5250,,,
puerto_limon,,Puerto Limon,costa_rica,Costa Rica,9.992665,-83.026772,Puerto Limon,15750,45000,15750,,,
santiago_de_cuba,,Santiago de Cuba,cuba,Cuba,20.02886,-75.838801,Santiago de Cuba,19250,55000,19250,,,
habana,,Habana,cuba,Cuba,23.128636,-82.333384,Habana,19250,55000,19250,,,
cockburn,,Cockburn,turks_&_caicos_islands,Turks & Caicos Islands,21.494089,-71.532786,Cockburn,8750,25000,8750,,,
santo_domingo,,Santo Domingo,dominican_republic,Dominican Republic,18.475715,-69.879607,Santo Domingo,7000,20000,7000,,,
puerto_plata,,Puerto Plata,dominican_republic,Dominican Republic,19.798029,-70.698514,Puerto Plata,7000,20000,7000,,,
tampico,,Tampico,northeast_mexico,Northeast Mexico,22.27360355,-97.80797233,Tampico,16000,75000,26250,,,
veracruz,,Veracruz,eastern_mexico,Southeast Mexico,19.206885,-96.141521,Veracruz,26250,75000,26250,,,
freeport,,Freeport,grand_bahama,Grand Bahama,26.532113,-78.764768,Freeport,10500,30000,10500,,,
guantanamo_bay,,Guantanamo Bay,guantanamo,Guantanamo,19.91137,-75.20937,Guantanamo Bay,6125,17500,6125,,,
pensacola,,Pensacola,gulf_coast,Gulf Coast,30.35487,-87.287887,Pensacola,29750,85000,29750,,,
tampa,,Tampa,gulf_coast,Gulf Coast,27.947595,-82.732052,Tampa,22750,65000,22750,,,
miami,,Miami,gulf_coast,Gulf Coast,25.848352,-80.17781,Miami,19250,55000,19250,,,
georgetown,,Georgetown,british_guiana,British Guiana,6.807452,-58.17895,Georgetown,15750,45000,15750,,,
port_au_prince,,Port au Prince,haiti,Haiti,18.555143,-72.34741,Port au Prince,5250,15000,5250,,,
port_de_paix,,Port de Paix,haiti,Haiti,19.940984,-72.831416,Port de Paix,4375,12500,4375,,,
la_ceiba,,La Ceiba,honduras,Honduras,15.793762,-86.762796,La Ceiba,3500,10000,3500,,,
kingston,,Kingston,jamaica,Jamaica,17.989434,-76.831918,Kingston,19250,55000,19250,,,
nassau,,Nassau,new_providence,New Providence,25.074727,-77.322268,Nassau,12250,35000,12250,,,
bluefields,,Bluefields,nicaragua,Nicaragua,12.013479,-83.759608,Bluefields,7000,20000,7000,,,
barranquilla,,Barranquilla,northern_colombia,Northern Colombia,10.982829,-74.762477,Barranquilla,7000,20000,7000,,,
santa_marta,,Santa Marta,northern_colombia,Northern Colombia,11.250014,-74.213944,Santa Marta,7000,20000,7000,,,
cartagena,,Cartagena,northern_colombia,Northern Colombia,10.406584,-75.533381,Cartagena,7000,20000,7000,,,
balboa,,Balboa,panama,Panama,8.959344,-79.561763,Balboa,8750,25000,8750,,,
colón,,Colón,panama,Panama,9.35227,-79.904173,Colón,8750,25000,8750,,,
san_juan,,San Juan,puerto_rico,Puerto Rico,18.464458,-66.112517,San Juan,13125,37500,13125,,,
st_george's,,St George's,british_antilles,British Antilles,12.054138,-61.749332,St George's,5250,15000,5250,,,
bridgetown,,Bridgetown,british_antilles,British Antilles,13.099109,-59.615633,Bridgetown,5250,15000,5250,,,
port_of_spain,,Port of Spain,trinidad,Trinidad,10.642766,-61.506515,Port of Spain,6125,17500,6125,,,
maracaibo,,Maracaibo,venezuela,Venezuela,10.639176,-71.604636,Maracaibo,11550,33000,11550,,,
puerto_cabello,,Puerto Cabello,venezuela,Venezuela,10.487089,-68.002148,Puerto Cabello,11550,33000,11550,,,
charlotte_amalie,,Charlotte Amalie,virgin_islands,Virgin Islands,18.338827,-64.939241,Charlotte Amalie,4375,12500,4375,,,
christiansted,,Christiansted,virgin_islands,Virgin Islands,17.747206,-64.697873,Christiansted,4375,12500,4375,,,
luanda,,Luanda,angola,Angola,-8.800042,13.252431,Luanda,6650,19000,6650,,,
lobito,,Lobito,angola,Angola,-12.335203,13.585746,Lobito,6650,19000,6650,,,
duala,,Duala,cameroon,Cameroon,4.044035,9.685008,Duala,10500,30000,10500,,,
cabinda,,Cabinda,portuguese_congo,Portuguese Congo,-5.553228124,12.18363516,Cabinda,7750,25000,8750,,,
boma,,Boma,congo_free_state,Congo Free State,-5.85506,13.057269,Boma,8750,25000,8750,,,
porto-novo,,Porto-Novo,dahomey,Dahomey,6.350812,2.424751,Porto-Novo,9625,27500,9625,,,
libreville,,Libreville,gabon,Gabon,0.401375,9.434256,Libreville,8750,25000,8750,,,
banjul,,Banjul,gambia,Gambia,13.44461,-16.573796,Banjul,7875,22500,7875,,,
accra,,Accra,gold_coast,Gold Coast,5.535455,-0.210184,Accra,10850,31000,10850,,,
bata,,Bata,equatorial_guinea,Equatorial Guinea,1.829996,9.743688,Bata,7525,21500,7525,,,
bissau,,Bissau,portuguese_guinea,Portuguese Guinea,11.858869,-15.579452,Bissau,8225,23500,8225,,,
conakry,,Conakry,french_guinea,French Guinea,9.513216,-13.716999,Conakry,9625,27500,9625,,,
abidjan,,Abidjan,ivory_coast,Ivory Coast,5.298543,-4.015166,Abidjan,13650,39000,13650,,,
monrovia,,Monrovia,liberia,Liberia,6.347261,-10.791655,Monrovia,9100,26000,9100,,,
nouakchott,,Nouakchott,mauritania,Mauritania,17.990088,-16.02472,Nouakchott,6650,19000,6650,,,
pointe_noire,,Pointe Noire,middle_congo,Middle Congo,-4.78785,11.835514,Pointe Noire,8925,25500,8925,,,
casablanca,,Casablanca,morocco,Morocco,33.55056,-7.585032,Casablanca,21000,60000,21000,,,
rabat,,Rabat,morocco,Morocco,34.266952,-6.653669,Rabat,17500,50000,17500,,,
lagos,,Lagos,nigeria,Nigeria,6.460374,3.37171,Lagos,14000,40000,14000,,,
dakar,,Dakar,senegal,Senegal,14.687881,-17.426061,Dakar,10500,30000,10500,,,
freetown,,Freetown,sierra_leone,Sierra Leone,8.493071,-13.213519,Freetown,8225,23500,8225,,,
lüderitz,,Lüderitz,southwest_africa,Southwest Africa,-26.640689,15.153186,Lüderitz,7875,22500,7875,,,
lome,,Lome,togoland,Togoland,6.13941,1.276962,Lome,8575,24500,8575,,,
dakhla,,Dakhla,western_sahara,Western Sahara,23.700776,-15.926524,Dakhla,5250,15000,5250,,,
boujdour,,Boujdour,western_sahara,Western Sahara,26.117294,-14.493748,Boujdour,5250,15000,5250,,,
santa_cruz,,Santa Cruz,canary_islands,Canary Islands,28.463785,-16.264435,Santa Cruz,13475,38500,13475,,,
praia,,Praia,cape_verde,Cape Verde,14.920524,-23.501151,Praia,7000,20000,7000,,,
funchal,,Funchal,madeira,Madeira,32.645063,-16.918219,Funchal,7000,20000,7000,,,